tijdstip;locatie;component;waarde;LKI
2015-08-01 02:00:00+02:00;Rotterdam-Bentinckplein;PM25;3,44231;1
2015-08-01 03:00:00+02:00;Rotterdam-Bentinckplein;PM25;3,18933;1
2015-08-01 04:00:00+02:00;Rotterdam-Bentinckplein;PM25;3,00642;1
2015-08-01 05:00:00+02:00;Rotterdam-Bentinckplein;PM25;4,53522;1
2015-08-01 06:00:00+02:00;Rotterdam-Bentinckplein;PM25;5,82014;1
2015-08-01 07:00:00+02:00;Rotterdam-Bentinckplein;PM25;8,3827;1
2015-08-01 08:00:00+02:00;Rotterdam-Bentinckplein;PM25;8,5829;1
2015-08-01 09:00:00+02:00;Rotterdam-Bentinckplein;PM25;7,36987;1
2015-08-01 10:00:00+02:00;Rotterdam-Bentinckplein;PM25;14,3341;2
2015-08-01 11:00:00+02:00;Rotterdam-Bentinckplein;PM25;10,8124;2
2015-08-01 12:00:00+02:00;Rotterdam-Bentinckplein;PM25;8,3827;1
2015-08-01 13:00:00+02:00;Rotterdam-Bentinckplein;PM25;6,77018;1
2015-08-01 14:00:00+02:00;Rotterdam-Bentinckplein;PM25;11,2128;2
2015-08-01 15:00:00+02:00;Rotterdam-Bentinckplein;PM25;10,1208;2
2015-08-01 16:00:00+02:00;Rotterdam-Bentinckplein;PM25;7,40991;1
2015-08-01 17:00:00+02:00;Rotterdam-Bentinckplein;PM25;4,94381;1
2015-08-01 18:00:00+02:00;Rotterdam-Bentinckplein;PM25;9,7295;1
2015-08-01 19:00:00+02:00;Rotterdam-Bentinckplein;PM25;7,9004;1
2015-08-01 20:00:00+02:00;Rotterdam-Bentinckplein;PM25;10,3574;2
2015-08-01 21:00:00+02:00;Rotterdam-Bentinckplein;PM25;10,4848;2
2015-08-01 22:00:00+02:00;Rotterdam-Bentinckplein;PM25;7,8458;1
2015-08-01 23:00:00+02:00;Rotterdam-Bentinckplein;PM25;13,6061;2
2015-08-02 00:00:00+02:00;Rotterdam-Bentinckplein;PM25;19,0661;3
2015-08-02 01:00:00+02:00;Rotterdam-Bentinckplein;PM25;16,7456;3
2015-08-02 02:00:00+02:00;Rotterdam-Bentinckplein;PM25;15,963;3
2015-08-02 03:00:00+02:00;Rotterdam-Bentinckplein;PM25;14,0884;2
2015-08-02 04:00:00+02:00;Rotterdam-Bentinckplein;PM25;11,0308;2
2015-08-02 05:00:00+02:00;Rotterdam-Bentinckplein;PM25;12,4686;2
2015-08-02 06:00:00+02:00;Rotterdam-Bentinckplein;PM25;15,9357;3
2015-08-02 07:00:00+02:00;Rotterdam-Bentinckplein;PM25;21,6869;4
2015-08-02 08:00:00+02:00;Rotterdam-Bentinckplein;PM25;18,9296;3
2015-08-02 09:00:00+02:00;Rotterdam-Bentinckplein;PM25;16,509;3
2015-08-02 10:00:00+02:00;Rotterdam-Bentinckplein;PM25;12,2866;2
2015-08-02 11:00:00+02:00;Rotterdam-Bentinckplein;PM25;13,7335;2
2015-08-02 12:00:00+02:00;Rotterdam-Bentinckplein;PM25;15,5717;3
2015-08-02 13:00:00+02:00;Rotterdam-Bentinckplein;PM25;16,2269;3
2015-08-02 14:00:00+02:00;Rotterdam-Bentinckplein;PM25;14,325;2
2015-08-02 15:00:00+02:00;Rotterdam-Bentinckplein;PM25;13,8245;2
2015-08-02 16:00:00+02:00;Rotterdam-Bentinckplein;PM25;16,2997;3
2015-08-02 17:00:00+02:00;Rotterdam-Bentinckplein;PM25;14,6981;2
2015-08-02 18:00:00+02:00;Rotterdam-Bentinckplein;PM25;11,231;2
2015-08-02 19:00:00+02:00;Rotterdam-Bentinckplein;PM25;13,3968;2
2015-08-02 20:00:00+02:00;Rotterdam-Bentinckplein;PM25;11,0945;2
2015-08-02 21:00:00+02:00;Rotterdam-Bentinckplein;PM25;15,0257;3
2015-08-02 22:00:00+02:00;Rotterdam-Bentinckplein;PM25;16,0085;3
2015-08-02 23:00:00+02:00;Rotterdam-Bentinckplein;PM25;10,9853;2
2015-08-03 00:00:00+02:00;Rotterdam-Bentinckplein;PM25;14,0793;2
2015-08-03 01:00:00+02:00;Rotterdam-Bentinckplein;PM25;11,4221;2
2015-08-03 02:00:00+02:00;Rotterdam-Bentinckplein;PM25;9,3109;1
2015-08-03 03:00:00+02:00;Rotterdam-Bentinckplein;PM25;14,0247;2
2015-08-03 04:00:00+02:00;Rotterdam-Bentinckplein;PM25;10,7487;2
2015-08-03 05:00:00+02:00;Rotterdam-Bentinckplein;PM25;7,35076;1
2015-08-03 06:00:00+02:00;Rotterdam-Bentinckplein;PM25;11,7224;2
2015-08-03 07:00:00+02:00;Rotterdam-Bentinckplein;PM25;19,6576;3
2015-08-03 08:00:00+02:00;Rotterdam-Bentinckplein;PM25;17,5009;3
2015-08-03 09:00:00+02:00;Rotterdam-Bentinckplein;PM25;14,7254;2
2015-08-03 10:00:00+02:00;Rotterdam-Bentinckplein;PM25;18,0469;3
2015-08-03 11:00:00+02:00;Rotterdam-Bentinckplein;PM25;10,5576;2
2015-08-03 12:00:00+02:00;Rotterdam-Bentinckplein;PM25;9,2654;1
2015-08-03 13:00:00+02:00;Rotterdam-Bentinckplein;PM25;8,4646;1
2015-08-03 14:00:00+02:00;Rotterdam-Bentinckplein;PM25;9,6476;1
2015-08-03 15:00:00+02:00;Rotterdam-Bentinckplein;PM25;11,3402;2
2015-08-03 16:00:00+02:00;Rotterdam-Bentinckplein;PM25;6,02489;1
2015-08-03 17:00:00+02:00;Rotterdam-Bentinckplein;PM25;2,30117;1
2015-08-03 18:00:00+02:00;Rotterdam-Bentinckplein;PM25;2,47862;1
2015-08-03 19:00:00+02:00;Rotterdam-Bentinckplein;PM25;1,65052;1
2015-08-03 20:00:00+02:00;Rotterdam-Bentinckplein;PM25;3,31582;1
2015-08-03 21:00:00+02:00;Rotterdam-Bentinckplein;PM25;2,21472;1
2015-08-03 22:00:00+02:00;Rotterdam-Bentinckplein;PM25;2,86082;1
2015-08-03 23:00:00+02:00;Rotterdam-Bentinckplein;PM25;0,61676;1
2015-08-04 00:00:00+02:00;Rotterdam-Bentinckplein;PM25;0,84244;1
2015-08-04 01:00:00+02:00;Rotterdam-Bentinckplein;PM25;3,27396;1
2015-08-04 02:00:00+02:00;Rotterdam-Bentinckplein;PM25;2,77528;1
2015-08-04 03:00:00+02:00;Rotterdam-Bentinckplein;PM25;0,90341;1
2015-08-04 04:00:00+02:00;Rotterdam-Bentinckplein;PM25;1,24011;1
2015-08-04 05:00:00+02:00;Rotterdam-Bentinckplein;PM25;2,21472;1
2015-08-04 06:00:00+02:00;Rotterdam-Bentinckplein;PM25;1,10452;1
2015-08-04 09:00:00+02:00;Rotterdam-Bentinckplein;PM25;1,18096;1
2015-08-04 10:00:00+02:00;Rotterdam-Bentinckplein;PM25;0,58764;1
2015-08-04 11:00:00+02:00;Rotterdam-Bentinckplein;PM25;0,91979;1
2015-08-04 12:00:00+02:00;Rotterdam-Bentinckplein;PM25;3,31036;1
2015-08-04 13:00:00+02:00;Rotterdam-Bentinckplein;PM25;5,31782;1
2015-08-04 14:00:00+02:00;Rotterdam-Bentinckplein;PM25;4,17122;1
2015-08-04 15:00:00+02:00;Rotterdam-Bentinckplein;PM25;2,49136;1
2015-08-04 16:00:00+02:00;Rotterdam-Bentinckplein;PM25;1,81159;1
2015-08-04 17:00:00+02:00;Rotterdam-Bentinckplein;PM25;5,13582;1
2015-08-04 18:00:00+02:00;Rotterdam-Bentinckplein;PM25;7,48362;1
2015-08-04 19:00:00+02:00;Rotterdam-Bentinckplein;PM25;5,05301;1
2015-08-04 20:00:00+02:00;Rotterdam-Bentinckplein;PM25;6,13045;1
2015-08-04 21:00:00+02:00;Rotterdam-Bentinckplein;PM25;8,6284;1
2015-08-04 22:00:00+02:00;Rotterdam-Bentinckplein;PM25;6,89303;1
2015-08-04 23:00:00+02:00;Rotterdam-Bentinckplein;PM25;8,9014;1
2015-08-05 00:00:00+02:00;Rotterdam-Bentinckplein;PM25;9,2472;1
2015-08-05 01:00:00+02:00;Rotterdam-Bentinckplein;PM25;6,59;1
2015-08-05 02:00:00+02:00;Rotterdam-Bentinckplein;PM25;6,43894;1
2015-08-05 03:00:00+02:00;Rotterdam-Bentinckplein;PM25;4,25039;1
2015-08-05 04:00:00+02:00;Rotterdam-Bentinckplein;PM25;4,29225;1
2015-08-05 05:00:00+02:00;Rotterdam-Bentinckplein;PM25;3,89276;1
2015-08-05 06:00:00+02:00;Rotterdam-Bentinckplein;PM25;3,40227;1
2015-08-05 07:00:00+02:00;Rotterdam-Bentinckplein;PM25;3,86819;1
2015-08-05 08:00:00+02:00;Rotterdam-Bentinckplein;PM25;7,6001;1
2015-08-05 09:00:00+02:00;Rotterdam-Bentinckplein;PM25;9,3928;1
2015-08-05 10:00:00+02:00;Rotterdam-Bentinckplein;PM25;10,3665;2
2015-08-05 11:00:00+02:00;Rotterdam-Bentinckplein;PM25;8,5738;1
2015-08-05 12:00:00+02:00;Rotterdam-Bentinckplein;PM25;4,44604;1
2015-08-05 13:00:00+02:00;Rotterdam-Bentinckplein;PM25;7,17149;1
2015-08-05 14:00:00+02:00;Rotterdam-Bentinckplein;PM25;6,32519;1
2015-08-05 15:00:00+02:00;Rotterdam-Bentinckplein;PM25;6,83752;1
2015-08-05 16:00:00+02:00;Rotterdam-Bentinckplein;PM25;4,26859;1
2015-08-05 17:00:00+02:00;Rotterdam-Bentinckplein;PM25;2,52412;1
2015-08-05 18:00:00+02:00;Rotterdam-Bentinckplein;PM25;2,84444;1
2015-08-05 19:00:00+02:00;Rotterdam-Bentinckplein;PM25;1,10543;1
2015-08-05 20:00:00+02:00;Rotterdam-Bentinckplein;PM25;2,04728;1
2015-08-05 21:00:00+02:00;Rotterdam-Bentinckplein;PM25;5,14128;1
2015-08-05 22:00:00+02:00;Rotterdam-Bentinckplein;PM25;7,32164;1
2015-08-05 23:00:00+02:00;Rotterdam-Bentinckplein;PM25;8,4009;1
2015-08-06 00:00:00+02:00;Rotterdam-Bentinckplein;PM25;6,30153;1
2015-08-06 01:00:00+02:00;Rotterdam-Bentinckplein;PM25;10,7032;2
2015-08-06 02:00:00+02:00;Rotterdam-Bentinckplein;PM25;8,7194;1
2015-08-06 03:00:00+02:00;Rotterdam-Bentinckplein;PM25;8,9833;1
2015-08-06 04:00:00+02:00;Rotterdam-Bentinckplein;PM25;9,047;1
2015-08-06 05:00:00+02:00;Rotterdam-Bentinckplein;PM25;12,9327;2
2015-08-06 06:00:00+02:00;Rotterdam-Bentinckplein;PM25;14,871;2
2015-08-06 07:00:00+02:00;Rotterdam-Bentinckplein;PM25;23,8163;4
2015-08-06 08:00:00+02:00;Rotterdam-Bentinckplein;PM25;18,8022;3
2015-08-06 09:00:00+02:00;Rotterdam-Bentinckplein;PM25;23,8982;4
2015-08-06 10:00:00+02:00;Rotterdam-Bentinckplein;PM25;13,7881;2
2015-08-06 11:00:00+02:00;Rotterdam-Bentinckplein;PM25;16,7547;3
2015-08-06 12:00:00+02:00;Rotterdam-Bentinckplein;PM25;8,7103;1
2015-08-06 13:00:00+02:00;Rotterdam-Bentinckplein;PM25;6,46078;1
2015-08-06 14:00:00+02:00;Rotterdam-Bentinckplein;PM25;8,228;1
2015-08-06 15:00:00+02:00;Rotterdam-Bentinckplein;PM25;4,62895;1
2015-08-06 16:00:00+02:00;Rotterdam-Bentinckplein;PM25;0,77783;1
2015-08-06 17:00:00+02:00;Rotterdam-Bentinckplein;PM25;2,71158;1
2015-08-06 18:00:00+02:00;Rotterdam-Bentinckplein;PM25;3,69529;1
2015-08-06 19:00:00+02:00;Rotterdam-Bentinckplein;PM25;4,28315;1
2015-08-06 20:00:00+02:00;Rotterdam-Bentinckplein;PM25;1,00715;1
2015-08-06 21:00:00+02:00;Rotterdam-Bentinckplein;PM25;2,9136;1
2015-08-06 22:00:00+02:00;Rotterdam-Bentinckplein;PM25;2,01543;1
2015-08-06 23:00:00+02:00;Rotterdam-Bentinckplein;PM25;3,95555;1
2015-08-07 00:00:00+02:00;Rotterdam-Bentinckplein;PM25;4,44513;1
2015-08-07 01:00:00+02:00;Rotterdam-Bentinckplein;PM25;4,43876;1
2015-08-07 02:00:00+02:00;Rotterdam-Bentinckplein;PM25;7,5546;1
2015-08-07 03:00:00+02:00;Rotterdam-Bentinckplein;PM25;6,13591;1
2015-08-07 04:00:00+02:00;Rotterdam-Bentinckplein;PM25;4,16303;1
2015-08-07 05:00:00+02:00;Rotterdam-Bentinckplein;PM25;2,15284;1
2015-08-07 06:00:00+02:00;Rotterdam-Bentinckplein;PM25;1,41483;1
2015-08-07 07:00:00+02:00;Rotterdam-Bentinckplein;PM25;2,41492;1
2015-08-07 08:00:00+02:00;Rotterdam-Bentinckplein;PM25;8,2553;1
2015-08-07 09:00:00+02:00;Rotterdam-Bentinckplein;PM25;8,4919;1
2015-08-07 10:00:00+02:00;Rotterdam-Bentinckplein;PM25;10,0389;2
2015-08-07 11:00:00+02:00;Rotterdam-Bentinckplein;PM25;7,5728;1
2015-08-07 12:00:00+02:00;Rotterdam-Bentinckplein;PM25;8,7831;1
2015-08-07 13:00:00+02:00;Rotterdam-Bentinckplein;PM25;5,9075;1
2015-08-07 14:00:00+02:00;Rotterdam-Bentinckplein;PM25;5,88111;1
2015-08-07 15:00:00+02:00;Rotterdam-Bentinckplein;PM25;6,58909;1
2015-08-07 16:00:00+02:00;Rotterdam-Bentinckplein;PM25;3,08286;1
2015-08-07 17:00:00+02:00;Rotterdam-Bentinckplein;PM25;1,07904;1
2015-08-07 18:00:00+02:00;Rotterdam-Bentinckplein;PM25;1,58773;1
2015-08-07 19:00:00+02:00;Rotterdam-Bentinckplein;PM25;1,78793;1
2015-08-07 20:00:00+02:00;Rotterdam-Bentinckplein;PM25;2,41947;1
2015-08-07 21:00:00+02:00;Rotterdam-Bentinckplein;PM25;4,08113;1
2015-08-07 22:00:00+02:00;Rotterdam-Bentinckplein;PM25;2,78529;1
2015-08-07 23:00:00+02:00;Rotterdam-Bentinckplein;PM25;3,10197;1
2015-08-08 00:00:00+02:00;Rotterdam-Bentinckplein;PM25;4,77819;1
2015-08-08 01:00:00+02:00;Rotterdam-Bentinckplein;PM25;9,3291;1
2015-08-08 02:00:00+02:00;Rotterdam-Bentinckplein;PM25;13,8518;2
2015-08-08 03:00:00+02:00;Rotterdam-Bentinckplein;PM25;10,9489;2
2015-08-08 04:00:00+02:00;Rotterdam-Bentinckplein;PM25;7,9186;1
2015-08-08 05:00:00+02:00;Rotterdam-Bentinckplein;PM25;7,8003;1
2015-08-08 06:00:00+02:00;Rotterdam-Bentinckplein;PM25;5,91478;1
2015-08-08 07:00:00+02:00;Rotterdam-Bentinckplein;PM25;9,2927;1
2015-08-08 08:00:00+02:00;Rotterdam-Bentinckplein;PM25;5,65088;1
2015-08-08 09:00:00+02:00;Rotterdam-Bentinckplein;PM25;4,56434;1
2015-08-08 10:00:00+02:00;Rotterdam-Bentinckplein;PM25;2,70066;1
2015-08-08 11:00:00+02:00;Rotterdam-Bentinckplein;PM25;3,97648;1
2015-08-08 12:00:00+02:00;Rotterdam-Bentinckplein;PM25;4,31682;1
2015-08-08 13:00:00+02:00;Rotterdam-Bentinckplein;PM25;6,2533;1
2015-08-08 14:00:00+02:00;Rotterdam-Bentinckplein;PM25;9,7113;1
2015-08-08 15:00:00+02:00;Rotterdam-Bentinckplein;PM25;4,93198;1
2015-08-08 16:00:00+02:00;Rotterdam-Bentinckplein;PM25;3,82815;1
2015-08-08 17:00:00+02:00;Rotterdam-Bentinckplein;PM25;1,87711;1
2015-08-08 18:00:00+02:00;Rotterdam-Bentinckplein;PM25;0,49209;1
2015-08-08 21:00:00+02:00;Rotterdam-Bentinckplein;PM25;1,69784;1
2015-08-08 22:00:00+02:00;Rotterdam-Bentinckplein;PM25;1,95901;1
2015-08-08 23:00:00+02:00;Rotterdam-Bentinckplein;PM25;0,31828;1
2015-08-09 00:00:00+02:00;Rotterdam-Bentinckplein;PM25;0,95437;1
2015-08-09 01:00:00+02:00;Rotterdam-Bentinckplein;PM25;3,11562;1
2015-08-09 02:00:00+02:00;Rotterdam-Bentinckplein;PM25;4,54341;1
2015-08-09 03:00:00+02:00;Rotterdam-Bentinckplein;PM25;7,19242;1
2015-08-09 04:00:00+02:00;Rotterdam-Bentinckplein;PM25;6,36341;1
2015-08-09 05:00:00+02:00;Rotterdam-Bentinckplein;PM25;6,92488;1
2015-08-09 06:00:00+02:00;Rotterdam-Bentinckplein;PM25;6,23783;1
2015-08-09 07:00:00+02:00;Rotterdam-Bentinckplein;PM25;6,66735;1
2015-08-09 08:00:00+02:00;Rotterdam-Bentinckplein;PM25;4,53886;1
2015-08-09 09:00:00+02:00;Rotterdam-Bentinckplein;PM25;6,34976;1
2015-08-09 10:00:00+02:00;Rotterdam-Bentinckplein;PM25;8,7467;1
2015-08-09 11:00:00+02:00;Rotterdam-Bentinckplein;PM25;13,8973;2
2015-08-09 12:00:00+02:00;Rotterdam-Bentinckplein;PM25;11,4039;2
2015-08-09 13:00:00+02:00;Rotterdam-Bentinckplein;PM25;11,8953;2
2015-08-09 14:00:00+02:00;Rotterdam-Bentinckplein;PM25;8,2826;1
2015-08-09 15:00:00+02:00;Rotterdam-Bentinckplein;PM25;6,66462;1
2015-08-09 16:00:00+02:00;Rotterdam-Bentinckplein;PM25;6,50992;1
2015-08-09 17:00:00+02:00;Rotterdam-Bentinckplein;PM25;7,682;1
2015-08-09 18:00:00+02:00;Rotterdam-Bentinckplein;PM25;16,2997;3
2015-08-09 19:00:00+02:00;Rotterdam-Bentinckplein;PM25;16,054;3
2015-08-09 20:00:00+02:00;Rotterdam-Bentinckplein;PM25;15,8447;3
2015-08-09 21:00:00+02:00;Rotterdam-Bentinckplein;PM25;13,2421;2
2015-08-09 22:00:00+02:00;Rotterdam-Bentinckplein;PM25;6,51174;1
2015-08-09 23:00:00+02:00;Rotterdam-Bentinckplein;PM25;14,6617;2
2015-08-10 00:00:00+02:00;Rotterdam-Bentinckplein;PM25;14,3614;2
2015-08-10 01:00:00+02:00;Rotterdam-Bentinckplein;PM25;13,0146;2
2015-08-10 02:00:00+02:00;Rotterdam-Bentinckplein;PM25;20,4857;4
2015-08-10 03:00:00+02:00;Rotterdam-Bentinckplein;PM25;18,4109;3
2015-08-10 04:00:00+02:00;Rotterdam-Bentinckplein;PM25;10,867;2
2015-08-10 05:00:00+02:00;Rotterdam-Bentinckplein;PM25;9,7295;1
2015-08-10 06:00:00+02:00;Rotterdam-Bentinckplein;PM25;7,13782;1
2015-08-10 07:00:00+02:00;Rotterdam-Bentinckplein;PM25;5,54532;1
2015-08-10 08:00:00+02:00;Rotterdam-Bentinckplein;PM25;7,10324;1
2015-08-10 09:00:00+02:00;Rotterdam-Bentinckplein;PM25;6,8721;1
2015-08-10 10:00:00+02:00;Rotterdam-Bentinckplein;PM25;6,43348;1
2015-08-10 11:00:00+02:00;Rotterdam-Bentinckplein;PM25;6,36887;1
2015-08-10 12:00:00+02:00;Rotterdam-Bentinckplein;PM25;7,682;1
2015-08-10 13:00:00+02:00;Rotterdam-Bentinckplein;PM25;5,39972;1
2015-08-10 14:00:00+02:00;Rotterdam-Bentinckplein;PM25;4,62895;1
2015-08-10 15:00:00+02:00;Rotterdam-Bentinckplein;PM25;9,0015;1
2015-08-10 16:00:00+02:00;Rotterdam-Bentinckplein;PM25;10,4029;2
2015-08-10 17:00:00+02:00;Rotterdam-Bentinckplein;PM25;6,3716;1
2015-08-10 18:00:00+02:00;Rotterdam-Bentinckplein;PM25;5,75917;1
2015-08-10 19:00:00+02:00;Rotterdam-Bentinckplein;PM25;5,80012;1
2015-08-10 20:00:00+02:00;Rotterdam-Bentinckplein;PM25;7,38261;1
2015-08-10 21:00:00+02:00;Rotterdam-Bentinckplein;PM25;7,25066;1
2015-08-10 22:00:00+02:00;Rotterdam-Bentinckplein;PM25;5,10761;1
2015-08-10 23:00:00+02:00;Rotterdam-Bentinckplein;PM25;4,42784;1
2015-08-11 00:00:00+02:00;Rotterdam-Bentinckplein;PM25;5,9439;1
2015-08-11 01:00:00+02:00;Rotterdam-Bentinckplein;PM25;3,85363;1
2015-08-11 02:00:00+02:00;Rotterdam-Bentinckplein;PM25;2,15284;1
2015-08-11 03:00:00+02:00;Rotterdam-Bentinckplein;PM25;4,29043;1
2015-08-11 04:00:00+02:00;Rotterdam-Bentinckplein;PM25;0,83243;1
2015-08-11 06:00:00+02:00;Rotterdam-Bentinckplein;PM25;0,05347;1
2015-08-11 07:00:00+02:00;Rotterdam-Bentinckplein;PM25;3,70712;1
2015-08-11 08:00:00+02:00;Rotterdam-Bentinckplein;PM25;6,22509;1
2015-08-11 09:00:00+02:00;Rotterdam-Bentinckplein;PM25;4,84553;1
2015-08-11 10:00:00+02:00;Rotterdam-Bentinckplein;PM25;3,20025;1
2015-08-11 11:00:00+02:00;Rotterdam-Bentinckplein;PM25;4,48699;1
2015-08-11 12:00:00+02:00;Rotterdam-Bentinckplein;PM25;1,40573;1
2015-08-11 17:00:00+02:00;Rotterdam-Bentinckplein;PM25;3,38316;1
2015-08-11 18:00:00+02:00;Rotterdam-Bentinckplein;PM25;3,14747;1
2015-08-11 19:00:00+02:00;Rotterdam-Bentinckplein;PM25;0,2291;1
2015-08-11 20:00:00+02:00;Rotterdam-Bentinckplein;PM25;0,80968;1
2015-08-11 21:00:00+02:00;Rotterdam-Bentinckplein;PM25;1,52676;1
2015-08-11 22:00:00+02:00;Rotterdam-Bentinckplein;PM25;1,3848;1
2015-08-11 23:00:00+02:00;Rotterdam-Bentinckplein;PM25;1,86164;1
2015-08-12 00:00:00+02:00;Rotterdam-Bentinckplein;PM25;3,58882;1
2015-08-12 01:00:00+02:00;Rotterdam-Bentinckplein;PM25;6,96037;1
2015-08-12 02:00:00+02:00;Rotterdam-Bentinckplein;PM25;16,5818;3
2015-08-12 03:00:00+02:00;Rotterdam-Bentinckplein;PM25;7,31709;1
2015-08-12 04:00:00+02:00;Rotterdam-Bentinckplein;PM25;7,6001;1
2015-08-12 05:00:00+02:00;Rotterdam-Bentinckplein;PM25;9,1653;1
2015-08-12 06:00:00+02:00;Rotterdam-Bentinckplein;PM25;8,0096;1
2015-08-12 07:00:00+02:00;Rotterdam-Bentinckplein;PM25;10,0207;2
2015-08-12 08:00:00+02:00;Rotterdam-Bentinckplein;PM25;8,7285;1
2015-08-12 09:00:00+02:00;Rotterdam-Bentinckplein;PM25;10,5667;2
2015-08-12 10:00:00+02:00;Rotterdam-Bentinckplein;PM25;11,777;2
2015-08-12 11:00:00+02:00;Rotterdam-Bentinckplein;PM25;11,7224;2
2015-08-12 12:00:00+02:00;Rotterdam-Bentinckplein;PM25;7,45359;1
2015-08-12 13:00:00+02:00;Rotterdam-Bentinckplein;PM25;3,40045;1
2015-08-12 14:00:00+02:00;Rotterdam-Bentinckplein;PM25;4,73724;1
2015-08-12 15:00:00+02:00;Rotterdam-Bentinckplein;PM25;8,7649;1
2015-08-12 16:00:00+02:00;Rotterdam-Bentinckplein;PM25;7,37533;1
2015-08-12 17:00:00+02:00;Rotterdam-Bentinckplein;PM25;4,24493;1
2015-08-12 18:00:00+02:00;Rotterdam-Bentinckplein;PM25;2,62604;1
2015-08-12 19:00:00+02:00;Rotterdam-Bentinckplein;PM25;4,00469;1
2015-08-12 20:00:00+02:00;Rotterdam-Bentinckplein;PM25;3,70439;1
2015-08-12 21:00:00+02:00;Rotterdam-Bentinckplein;PM25;2,76527;1
2015-08-12 22:00:00+02:00;Rotterdam-Bentinckplein;PM25;2,18287;1
2015-08-12 23:00:00+02:00;Rotterdam-Bentinckplein;PM25;2,74889;1
2015-08-13 00:00:00+02:00;Rotterdam-Bentinckplein;PM25;3,89549;1
2015-08-13 01:00:00+02:00;Rotterdam-Bentinckplein;PM25;2,60784;1
2015-08-13 02:00:00+02:00;Rotterdam-Bentinckplein;PM25;4,38507;1
2015-08-13 03:00:00+02:00;Rotterdam-Bentinckplein;PM25;3,15839;1
2015-08-13 04:00:00+02:00;Rotterdam-Bentinckplein;PM25;2,66426;1
2015-08-13 05:00:00+02:00;Rotterdam-Bentinckplein;PM25;4,4606;1
2015-08-13 06:00:00+02:00;Rotterdam-Bentinckplein;PM25;3,78447;1
2015-08-13 07:00:00+02:00;Rotterdam-Bentinckplein;PM25;9,6931;1
2015-08-13 08:00:00+02:00;Rotterdam-Bentinckplein;PM25;14,5343;2
2015-08-13 09:00:00+02:00;Rotterdam-Bentinckplein;PM25;16,3725;3
2015-08-13 10:00:00+02:00;Rotterdam-Bentinckplein;PM25;13,3877;2
2015-08-13 11:00:00+02:00;Rotterdam-Bentinckplein;PM25;11,868;2
2015-08-13 12:00:00+02:00;Rotterdam-Bentinckplein;PM25;13,4514;2
2015-08-13 13:00:00+02:00;Rotterdam-Bentinckplein;PM25;8,3736;1
2015-08-13 14:00:00+02:00;Rotterdam-Bentinckplein;PM25;9,6476;1
2015-08-13 15:00:00+02:00;Rotterdam-Bentinckplein;PM25;6,06129;1
2015-08-13 16:00:00+02:00;Rotterdam-Bentinckplein;PM25;7,7912;1
2015-08-13 17:00:00+02:00;Rotterdam-Bentinckplein;PM25;6,46351;1
2015-08-13 18:00:00+02:00;Rotterdam-Bentinckplein;PM25;12,1319;2
2015-08-13 19:00:00+02:00;Rotterdam-Bentinckplein;PM25;12,3776;2
2015-08-13 20:00:00+02:00;Rotterdam-Bentinckplein;PM25;6,75653;1
2015-08-13 21:00:00+02:00;Rotterdam-Bentinckplein;PM25;9,6658;1
2015-08-13 22:00:00+02:00;Rotterdam-Bentinckplein;PM25;5,03572;1
2015-08-13 23:00:00+02:00;Rotterdam-Bentinckplein;PM25;0,40928;1
2015-08-14 01:00:00+02:00;Rotterdam-Bentinckplein;PM25;0,58855;1
2015-08-14 05:00:00+02:00;Rotterdam-Bentinckplein;PM25;2,53868;1
2015-08-14 06:00:00+02:00;Rotterdam-Bentinckplein;PM25;5,99577;1
2015-08-14 07:00:00+02:00;Rotterdam-Bentinckplein;PM25;5,78465;1
2015-08-14 08:00:00+02:00;Rotterdam-Bentinckplein;PM25;15,2987;3
2015-08-14 09:00:00+02:00;Rotterdam-Bentinckplein;PM25;8,683;1
2015-08-14 10:00:00+02:00;Rotterdam-Bentinckplein;PM25;6,72923;1
2015-08-14 11:00:00+02:00;Rotterdam-Bentinckplein;PM25;8,2462;1
2015-08-14 12:00:00+02:00;Rotterdam-Bentinckplein;PM25;6,51811;1
2015-08-14 13:00:00+02:00;Rotterdam-Bentinckplein;PM25;4,13664;1
2015-08-14 14:00:00+02:00;Rotterdam-Bentinckplein;PM25;4,32137;1
2015-08-14 15:00:00+02:00;Rotterdam-Bentinckplein;PM25;5,90295;1
2015-08-14 16:00:00+02:00;Rotterdam-Bentinckplein;PM25;7,10597;1
2015-08-14 17:00:00+02:00;Rotterdam-Bentinckplein;PM25;7,22154;1
2015-08-14 18:00:00+02:00;Rotterdam-Bentinckplein;PM25;5,66635;1
2015-08-14 19:00:00+02:00;Rotterdam-Bentinckplein;PM25;5,31691;1
2015-08-14 20:00:00+02:00;Rotterdam-Bentinckplein;PM25;2,48226;1
2015-08-14 21:00:00+02:00;Rotterdam-Bentinckplein;PM25;1,30563;1
2015-08-14 22:00:00+02:00;Rotterdam-Bentinckplein;PM25;0,71777;1
2015-08-14 23:00:00+02:00;Rotterdam-Bentinckplein;PM25;2,59692;1
2015-08-15 00:00:00+02:00;Rotterdam-Bentinckplein;PM25;3,36223;1
2015-08-15 01:00:00+02:00;Rotterdam-Bentinckplein;PM25;7,29343;1
2015-08-15 02:00:00+02:00;Rotterdam-Bentinckplein;PM25;9,8751;1
2015-08-15 03:00:00+02:00;Rotterdam-Bentinckplein;PM25;4,09023;1
2015-08-15 04:00:00+02:00;Rotterdam-Bentinckplein;PM25;0,73506;1
2015-08-15 05:00:00+02:00;Rotterdam-Bentinckplein;PM25;0,55306;1
2015-08-15 07:00:00+02:00;Rotterdam-Bentinckplein;PM25;1,36023;1
2015-08-15 08:00:00+02:00;Rotterdam-Bentinckplein;PM25;7,1269;1
2015-08-15 09:00:00+02:00;Rotterdam-Bentinckplein;PM25;8,6557;1
2015-08-15 10:00:00+02:00;Rotterdam-Bentinckplein;PM25;8,8559;1
2015-08-15 11:00:00+02:00;Rotterdam-Bentinckplein;PM25;10,2937;2
2015-08-15 12:00:00+02:00;Rotterdam-Bentinckplein;PM25;7,04409;1
2015-08-15 13:00:00+02:00;Rotterdam-Bentinckplein;PM25;2,49682;1
2015-08-15 18:00:00+02:00;Rotterdam-Bentinckplein;PM25;0,07804;1
2015-08-15 19:00:00+02:00;Rotterdam-Bentinckplein;PM25;0,25276;1
2015-08-15 20:00:00+02:00;Rotterdam-Bentinckplein;PM25;2,47589;1
2015-08-15 21:00:00+02:00;Rotterdam-Bentinckplein;PM25;1,79248;1
2015-08-15 22:00:00+02:00;Rotterdam-Bentinckplein;PM25;2,05547;1
2015-08-15 23:00:00+02:00;Rotterdam-Bentinckplein;PM25;2,80622;1
2015-08-16 00:00:00+02:00;Rotterdam-Bentinckplein;PM25;2,75344;1
2015-08-16 01:00:00+02:00;Rotterdam-Bentinckplein;PM25;5,17404;1
2015-08-16 02:00:00+02:00;Rotterdam-Bentinckplein;PM25;6,18596;1
2015-08-16 03:00:00+02:00;Rotterdam-Bentinckplein;PM25;5,25958;1
2015-08-16 04:00:00+02:00;Rotterdam-Bentinckplein;PM25;1,81978;1
2015-08-16 05:00:00+02:00;Rotterdam-Bentinckplein;PM25;0,29735;1
2015-08-16 06:00:00+02:00;Rotterdam-Bentinckplein;PM25;0,78966;1
2015-08-16 07:00:00+02:00;Rotterdam-Bentinckplein;PM25;1,1209;1
2015-08-16 08:00:00+02:00;Rotterdam-Bentinckplein;PM25;1,55224;1
2015-08-16 09:00:00+02:00;Rotterdam-Bentinckplein;PM25;1,79066;1
2015-08-16 10:00:00+02:00;Rotterdam-Bentinckplein;PM25;1,95446;1
2015-08-16 11:00:00+02:00;Rotterdam-Bentinckplein;PM25;3,46506;1
2015-08-16 12:00:00+02:00;Rotterdam-Bentinckplein;PM25;1,32929;1
2015-08-16 16:00:00+02:00;Rotterdam-Bentinckplein;PM25;0,69229;1
2015-08-16 17:00:00+02:00;Rotterdam-Bentinckplein;PM25;4,08204;1
2015-08-16 18:00:00+02:00;Rotterdam-Bentinckplein;PM25;6,4444;1
2015-08-16 19:00:00+02:00;Rotterdam-Bentinckplein;PM25;3,28033;1
2015-08-16 20:00:00+02:00;Rotterdam-Bentinckplein;PM25;1,99632;1
2015-08-16 21:00:00+02:00;Rotterdam-Bentinckplein;PM25;3,83543;1
2015-08-16 22:00:00+02:00;Rotterdam-Bentinckplein;PM25;1,56589;1
2015-08-17 05:00:00+02:00;Rotterdam-Bentinckplein;PM25;0,56762;1
2015-08-17 07:00:00+02:00;Rotterdam-Bentinckplein;PM25;0,74689;1
2015-08-17 08:00:00+02:00;Rotterdam-Bentinckplein;PM25;4,92834;1
2015-08-17 09:00:00+02:00;Rotterdam-Bentinckplein;PM25;4,78365;1
2015-08-17 10:00:00+02:00;Rotterdam-Bentinckplein;PM25;1,54041;1
2015-08-17 12:00:00+02:00;Rotterdam-Bentinckplein;PM25;1,27924;1
2015-08-17 13:00:00+02:00;Rotterdam-Bentinckplein;PM25;2,57326;1
2015-08-17 14:00:00+02:00;Rotterdam-Bentinckplein;PM25;1,98267;1
2015-08-17 15:00:00+02:00;Rotterdam-Bentinckplein;PM25;5,5617;1
2015-08-17 16:00:00+02:00;Rotterdam-Bentinckplein;PM25;5,65725;1
2015-08-17 17:00:00+02:00;Rotterdam-Bentinckplein;PM25;1,98995;1
2015-08-17 20:00:00+02:00;Rotterdam-Bentinckplein;PM25;1,00351;1
2015-08-17 21:00:00+02:00;Rotterdam-Bentinckplein;PM25;0,49846;1
2015-08-18 07:00:00+02:00;Rotterdam-Bentinckplein;PM25;1,12272;1
2015-08-18 08:00:00+02:00;Rotterdam-Bentinckplein;PM25;1,72514;1
2015-08-18 09:00:00+02:00;Rotterdam-Bentinckplein;PM25;0,32283;1
2015-08-18 11:00:00+02:00;Rotterdam-Bentinckplein;PM25;0,95437;1
2015-08-18 12:00:00+02:00;Rotterdam-Bentinckplein;PM25;4,58982;1
2015-08-18 13:00:00+02:00;Rotterdam-Bentinckplein;PM25;4,28315;1
2015-08-18 14:00:00+02:00;Rotterdam-Bentinckplein;PM25;4,43512;1
2015-08-18 15:00:00+02:00;Rotterdam-Bentinckplein;PM25;11,9863;2
2015-08-18 16:00:00+02:00;Rotterdam-Bentinckplein;PM25;8,3736;1
2015-08-18 17:00:00+02:00;Rotterdam-Bentinckplein;PM25;6,00396;1
2015-08-18 18:00:00+02:00;Rotterdam-Bentinckplein;PM25;3,57335;1
2015-08-18 19:00:00+02:00;Rotterdam-Bentinckplein;PM25;2,08368;1
2015-08-18 20:00:00+02:00;Rotterdam-Bentinckplein;PM25;4,91014;1
2015-08-18 21:00:00+02:00;Rotterdam-Bentinckplein;PM25;3,93644;1
2015-08-18 22:00:00+02:00;Rotterdam-Bentinckplein;PM25;1,02717;1
2015-08-18 23:00:00+02:00;Rotterdam-Bentinckplein;PM25;4,48699;1
2015-08-19 00:00:00+02:00;Rotterdam-Bentinckplein;PM25;4,50337;1
2015-08-19 01:00:00+02:00;Rotterdam-Bentinckplein;PM25;10,0571;2
2015-08-19 02:00:00+02:00;Rotterdam-Bentinckplein;PM25;14,5707;2
2015-08-19 03:00:00+02:00;Rotterdam-Bentinckplein;PM25;14,1248;2
2015-08-19 04:00:00+02:00;Rotterdam-Bentinckplein;PM25;12,4231;2
2015-08-19 05:00:00+02:00;Rotterdam-Bentinckplein;PM25;10,9125;2
2015-08-19 06:00:00+02:00;Rotterdam-Bentinckplein;PM25;15,5899;3
2015-08-19 07:00:00+02:00;Rotterdam-Bentinckplein;PM25;12,7325;2
2015-08-19 08:00:00+02:00;Rotterdam-Bentinckplein;PM25;19,6121;3
2015-08-19 09:00:00+02:00;Rotterdam-Bentinckplein;PM25;16,4999;3
2015-08-19 10:00:00+02:00;Rotterdam-Bentinckplein;PM25;18,5019;3
2015-08-19 11:00:00+02:00;Rotterdam-Bentinckplein;PM25;17,8376;3
2015-08-19 12:00:00+02:00;Rotterdam-Bentinckplein;PM25;11,4312;2
2015-08-19 13:00:00+02:00;Rotterdam-Bentinckplein;PM25;15,8993;3
2015-08-19 14:00:00+02:00;Rotterdam-Bentinckplein;PM25;9,4838;1
2015-08-19 15:00:00+02:00;Rotterdam-Bentinckplein;PM25;7,3089;1
2015-08-19 16:00:00+02:00;Rotterdam-Bentinckplein;PM25;5,03208;1
2015-08-19 17:00:00+02:00;Rotterdam-Bentinckplein;PM25;12,1046;2
2015-08-19 18:00:00+02:00;Rotterdam-Bentinckplein;PM25;9,411;1
2015-08-19 19:00:00+02:00;Rotterdam-Bentinckplein;PM25;14,6981;2
2015-08-19 20:00:00+02:00;Rotterdam-Bentinckplein;PM25;20,0398;4
2015-08-19 21:00:00+02:00;Rotterdam-Bentinckplein;PM25;15,6081;3
2015-08-19 22:00:00+02:00;Rotterdam-Bentinckplein;PM25;22,0327;4
2015-08-19 23:00:00+02:00;Rotterdam-Bentinckplein;PM25;21,9053;4
2015-08-20 00:00:00+02:00;Rotterdam-Bentinckplein;PM25;12,2775;2
2015-08-20 01:00:00+02:00;Rotterdam-Bentinckplein;PM25;15,8629;3
2015-08-20 02:00:00+02:00;Rotterdam-Bentinckplein;PM25;18,329;3
2015-08-20 03:00:00+02:00;Rotterdam-Bentinckplein;PM25;15,3988;3
2015-08-20 04:00:00+02:00;Rotterdam-Bentinckplein;PM25;11,2583;2
2015-08-20 05:00:00+02:00;Rotterdam-Bentinckplein;PM25;16,9549;3
2015-08-20 06:00:00+02:00;Rotterdam-Bentinckplein;PM25;12,4959;2
2015-08-20 07:00:00+02:00;Rotterdam-Bentinckplein;PM25;14,507;2
2015-08-20 08:00:00+02:00;Rotterdam-Bentinckplein;PM25;16,4999;3
2015-08-20 09:00:00+02:00;Rotterdam-Bentinckplein;PM25;17,7466;3
2015-08-20 10:00:00+02:00;Rotterdam-Bentinckplein;PM25;16,9185;3
2015-08-20 11:00:00+02:00;Rotterdam-Bentinckplein;PM25;13,3786;2
2015-08-20 12:00:00+02:00;Rotterdam-Bentinckplein;PM25;18,1379;3
2015-08-20 13:00:00+02:00;Rotterdam-Bentinckplein;PM25;16,3816;3
2015-08-20 14:00:00+02:00;Rotterdam-Bentinckplein;PM25;12,0591;2
2015-08-20 15:00:00+02:00;Rotterdam-Bentinckplein;PM25;9,4656;1
2015-08-20 16:00:00+02:00;Rotterdam-Bentinckplein;PM25;10,1754;2
2015-08-20 17:00:00+02:00;Rotterdam-Bentinckplein;PM25;7,7821;1
2015-08-20 18:00:00+02:00;Rotterdam-Bentinckplein;PM25;11,5677;2
2015-08-20 19:00:00+02:00;Rotterdam-Bentinckplein;PM25;8,2553;1
2015-08-20 20:00:00+02:00;Rotterdam-Bentinckplein;PM25;5,9166;1
2015-08-20 21:00:00+02:00;Rotterdam-Bentinckplein;PM25;7,35167;1
2015-08-20 22:00:00+02:00;Rotterdam-Bentinckplein;PM25;10,2846;2
2015-08-20 23:00:00+02:00;Rotterdam-Bentinckplein;PM25;10,7396;2
2015-08-21 00:00:00+02:00;Rotterdam-Bentinckplein;PM25;13,9883;2
2015-08-21 01:00:00+02:00;Rotterdam-Bentinckplein;PM25;14,1885;2
2015-08-21 02:00:00+02:00;Rotterdam-Bentinckplein;PM25;15,8538;3
2015-08-21 03:00:00+02:00;Rotterdam-Bentinckplein;PM25;20,9589;4
2015-08-21 04:00:00+02:00;Rotterdam-Bentinckplein;PM25;21,4048;4
2015-08-21 05:00:00+02:00;Rotterdam-Bentinckplein;PM25;22,4058;4
2015-08-21 06:00:00+02:00;Rotterdam-Bentinckplein;PM25;19,6576;3
2015-08-21 07:00:00+02:00;Rotterdam-Bentinckplein;PM25;27,2652;4
2015-08-21 08:00:00+02:00;Rotterdam-Bentinckplein;PM25;20,8497;4
2015-08-21 09:00:00+02:00;Rotterdam-Bentinckplein;PM25;18,1743;3
2015-08-21 10:00:00+02:00;Rotterdam-Bentinckplein;PM25;18,7476;3
2015-08-21 11:00:00+02:00;Rotterdam-Bentinckplein;PM25;18,0105;3
2015-08-21 12:00:00+02:00;Rotterdam-Bentinckplein;PM25;15,9084;3
2015-08-21 13:00:00+02:00;Rotterdam-Bentinckplein;PM25;14,4979;2
2015-08-21 14:00:00+02:00;Rotterdam-Bentinckplein;PM25;7,7002;1
2015-08-21 15:00:00+02:00;Rotterdam-Bentinckplein;PM25;4,35595;1
2015-08-21 16:00:00+02:00;Rotterdam-Bentinckplein;PM25;10,9853;2
2015-08-21 17:00:00+02:00;Rotterdam-Bentinckplein;PM25;7,5091;1
2015-08-21 18:00:00+02:00;Rotterdam-Bentinckplein;PM25;4,62167;1
2015-08-21 19:00:00+02:00;Rotterdam-Bentinckplein;PM25;6,12499;1
2015-08-21 20:00:00+02:00;Rotterdam-Bentinckplein;PM25;8,9378;1
2015-08-21 21:00:00+02:00;Rotterdam-Bentinckplein;PM25;9,1289;1
2015-08-21 22:00:00+02:00;Rotterdam-Bentinckplein;PM25;11,3493;2
2015-08-21 23:00:00+02:00;Rotterdam-Bentinckplein;PM25;12,9691;2
2015-08-22 00:00:00+02:00;Rotterdam-Bentinckplein;PM25;16,7729;3
2015-08-22 01:00:00+02:00;Rotterdam-Bentinckplein;PM25;14,9984;2
2015-08-22 02:00:00+02:00;Rotterdam-Bentinckplein;PM25;15,3897;3
2015-08-22 03:00:00+02:00;Rotterdam-Bentinckplein;PM25;16,1177;3
2015-08-22 04:00:00+02:00;Rotterdam-Bentinckplein;PM25;23,7708;4
2015-08-22 05:00:00+02:00;Rotterdam-Bentinckplein;PM25;23,9983;4
2015-08-22 06:00:00+02:00;Rotterdam-Bentinckplein;PM25;15,9812;3
2015-08-22 07:00:00+02:00;Rotterdam-Bentinckplein;PM25;17,2188;3
2015-08-22 08:00:00+02:00;Rotterdam-Bentinckplein;PM25;19,603;3
2015-08-22 09:00:00+02:00;Rotterdam-Bentinckplein;PM25;19,4938;3
2015-08-22 10:00:00+02:00;Rotterdam-Bentinckplein;PM25;20,3219;4
2015-08-22 11:00:00+02:00;Rotterdam-Bentinckplein;PM25;19,6394;3
2015-08-22 12:00:00+02:00;Rotterdam-Bentinckplein;PM25;13,8063;2
2015-08-22 13:00:00+02:00;Rotterdam-Bentinckplein;PM25;9,1016;1
2015-08-22 14:00:00+02:00;Rotterdam-Bentinckplein;PM25;12,3139;2
2015-08-22 15:00:00+02:00;Rotterdam-Bentinckplein;PM25;10,6122;2
2015-08-22 16:00:00+02:00;Rotterdam-Bentinckplein;PM25;9,684;1
2015-08-22 17:00:00+02:00;Rotterdam-Bentinckplein;PM25;11,322;2
2015-08-22 18:00:00+02:00;Rotterdam-Bentinckplein;PM25;11,2401;2
2015-08-22 19:00:00+02:00;Rotterdam-Bentinckplein;PM25;14,9529;2
2015-08-22 20:00:00+02:00;Rotterdam-Bentinckplein;PM25;12,6779;2
2015-08-22 21:00:00+02:00;Rotterdam-Bentinckplein;PM25;17,8922;3
2015-08-22 22:00:00+02:00;Rotterdam-Bentinckplein;PM25;19,1935;3
2015-08-22 23:00:00+02:00;Rotterdam-Bentinckplein;PM25;18,3563;3
2015-08-23 00:00:00+02:00;Rotterdam-Bentinckplein;PM25;15,599;3
2015-08-23 01:00:00+02:00;Rotterdam-Bentinckplein;PM25;13,8791;2
2015-08-23 02:00:00+02:00;Rotterdam-Bentinckplein;PM25;19,0024;3
2015-08-23 03:00:00+02:00;Rotterdam-Bentinckplein;PM25;17,0186;3
2015-08-23 04:00:00+02:00;Rotterdam-Bentinckplein;PM25;20,6495;4
2015-08-23 05:00:00+02:00;Rotterdam-Bentinckplein;PM25;19,6121;3
2015-08-23 06:00:00+02:00;Rotterdam-Bentinckplein;PM25;17,3917;3
2015-08-23 07:00:00+02:00;Rotterdam-Bentinckplein;PM25;21,5686;4
2015-08-23 08:00:00+02:00;Rotterdam-Bentinckplein;PM25;20,0034;4
2015-08-23 09:00:00+02:00;Rotterdam-Bentinckplein;PM25;18,1015;3
2015-08-23 10:00:00+02:00;Rotterdam-Bentinckplein;PM25;21,3047;4
2015-08-23 11:00:00+02:00;Rotterdam-Bentinckplein;PM25;13,9974;2
2015-08-23 12:00:00+02:00;Rotterdam-Bentinckplein;PM25;17,5737;3
2015-08-23 13:00:00+02:00;Rotterdam-Bentinckplein;PM25;17,4645;3
2015-08-23 14:00:00+02:00;Rotterdam-Bentinckplein;PM25;13,0783;2
2015-08-23 15:00:00+02:00;Rotterdam-Bentinckplein;PM25;14,6435;2
2015-08-23 16:00:00+02:00;Rotterdam-Bentinckplein;PM25;12,6506;2
2015-08-23 17:00:00+02:00;Rotterdam-Bentinckplein;PM25;10,776;2
2015-08-23 18:00:00+02:00;Rotterdam-Bentinckplein;PM25;9,3928;1
2015-08-23 19:00:00+02:00;Rotterdam-Bentinckplein;PM25;9,8114;1
2015-08-23 20:00:00+02:00;Rotterdam-Bentinckplein;PM25;7,05956;1
2015-08-23 21:00:00+02:00;Rotterdam-Bentinckplein;PM25;14,052;2
2015-08-23 22:00:00+02:00;Rotterdam-Bentinckplein;PM25;7,8185;1
2015-08-23 23:00:00+02:00;Rotterdam-Bentinckplein;PM25;11,4949;2
2015-08-24 00:00:00+02:00;Rotterdam-Bentinckplein;PM25;5,28415;1
2015-08-24 05:00:00+02:00;Rotterdam-Bentinckplein;PM25;2,31118;1
2015-08-24 06:00:00+02:00;Rotterdam-Bentinckplein;PM25;4,41146;1
2015-08-24 07:00:00+02:00;Rotterdam-Bentinckplein;PM25;7,6274;1
2015-08-24 08:00:00+02:00;Rotterdam-Bentinckplein;PM25;7,8822;1
2015-08-24 09:00:00+02:00;Rotterdam-Bentinckplein;PM25;14,9347;2
2015-08-24 10:00:00+02:00;Rotterdam-Bentinckplein;PM25;5,90841;1
2015-08-24 13:00:00+02:00;Rotterdam-Bentinckplein;PM25;8,7012;1
2015-08-24 14:00:00+02:00;Rotterdam-Bentinckplein;PM25;7,9914;1
2015-08-24 15:00:00+02:00;Rotterdam-Bentinckplein;PM25;8,4191;1
2015-08-24 16:00:00+02:00;Rotterdam-Bentinckplein;PM25;3,91005;1
2015-08-24 17:00:00+02:00;Rotterdam-Bentinckplein;PM25;0,1017;1
2015-08-24 18:00:00+02:00;Rotterdam-Bentinckplein;PM25;0,55124;1
2015-08-25 01:00:00+02:00;Rotterdam-Bentinckplein;PM25;4,22036;1
2015-08-25 02:00:00+02:00;Rotterdam-Bentinckplein;PM25;3,77082;1
2015-08-25 03:00:00+02:00;Rotterdam-Bentinckplein;PM25;2,65516;1
2015-08-25 04:00:00+02:00;Rotterdam-Bentinckplein;PM25;1,07449;1
2015-08-25 06:00:00+02:00;Rotterdam-Bentinckplein;PM25;2,80258;1
2015-08-25 07:00:00+02:00;Rotterdam-Bentinckplein;PM25;6,4353;1
2015-08-25 08:00:00+02:00;Rotterdam-Bentinckplein;PM25;5,75917;1
2015-08-25 09:00:00+02:00;Rotterdam-Bentinckplein;PM25;4,85918;1
2015-08-25 10:00:00+02:00;Rotterdam-Bentinckplein;PM25;3,00824;1
2015-08-25 11:00:00+02:00;Rotterdam-Bentinckplein;PM25;1,54132;1
2015-08-25 12:00:00+02:00;Rotterdam-Bentinckplein;PM25;3,84271;1
2015-08-25 13:00:00+02:00;Rotterdam-Bentinckplein;PM25;3,85545;1
2015-08-25 14:00:00+02:00;Rotterdam-Bentinckplein;PM25;1,59228;1
2015-08-25 15:00:00+02:00;Rotterdam-Bentinckplein;PM25;3,98558;1
2015-08-25 16:00:00+02:00;Rotterdam-Bentinckplein;PM25;5,28506;1
2015-08-25 17:00:00+02:00;Rotterdam-Bentinckplein;PM25;4,08659;1
2015-08-25 18:00:00+02:00;Rotterdam-Bentinckplein;PM25;3,5324;1
2015-08-25 19:00:00+02:00;Rotterdam-Bentinckplein;PM25;1,46852;1
2015-08-25 22:00:00+02:00;Rotterdam-Bentinckplein;PM25;4,21217;1
2015-08-25 23:00:00+02:00;Rotterdam-Bentinckplein;PM25;5,04482;1
2015-08-26 00:00:00+02:00;Rotterdam-Bentinckplein;PM25;1,57226;1
2015-08-26 01:00:00+02:00;Rotterdam-Bentinckplein;PM25;2,17741;1
2015-08-26 02:00:00+02:00;Rotterdam-Bentinckplein;PM25;3,9965;1
2015-08-26 03:00:00+02:00;Rotterdam-Bentinckplein;PM25;3,90368;1
2015-08-26 04:00:00+02:00;Rotterdam-Bentinckplein;PM25;2,74161;1
2015-08-26 05:00:00+02:00;Rotterdam-Bentinckplein;PM25;2,8954;1
2015-08-26 06:00:00+02:00;Rotterdam-Bentinckplein;PM25;2,42311;1
2015-08-26 07:00:00+02:00;Rotterdam-Bentinckplein;PM25;3,61339;1
2015-08-26 08:00:00+02:00;Rotterdam-Bentinckplein;PM25;1,46215;1
2015-08-26 09:00:00+02:00;Rotterdam-Bentinckplein;PM25;1,22464;1
2015-08-26 10:00:00+02:00;Rotterdam-Bentinckplein;PM25;4,0511;1
2015-08-26 11:00:00+02:00;Rotterdam-Bentinckplein;PM25;2,30572;1
2015-08-26 12:00:00+02:00;Rotterdam-Bentinckplein;PM25;0,2291;1
2015-08-26 13:00:00+02:00;Rotterdam-Bentinckplein;PM25;0,98258;1
2015-08-26 14:00:00+02:00;Rotterdam-Bentinckplein;PM25;0,07076;1
2015-08-26 15:00:00+02:00;Rotterdam-Bentinckplein;PM25;1,08905;1
2015-08-26 16:00:00+02:00;Rotterdam-Bentinckplein;PM25;3,10106;1
2015-08-26 17:00:00+02:00;Rotterdam-Bentinckplein;PM25;1,4303;1
2015-08-26 18:00:00+02:00;Rotterdam-Bentinckplein;PM25;0,1017;1
2015-08-26 20:00:00+02:00;Rotterdam-Bentinckplein;PM25;1,78429;1
2015-08-26 21:00:00+02:00;Rotterdam-Bentinckplein;PM25;4,02835;1
2015-08-26 23:00:00+02:00;Rotterdam-Bentinckplein;PM25;0,73597;1
2015-08-27 00:00:00+02:00;Rotterdam-Bentinckplein;PM25;3,34585;1
2015-08-27 01:00:00+02:00;Rotterdam-Bentinckplein;PM25;1,52949;1
2015-08-27 02:00:00+02:00;Rotterdam-Bentinckplein;PM25;0,25458;1
2015-08-27 03:00:00+02:00;Rotterdam-Bentinckplein;PM25;0,92707;1
2015-08-27 04:00:00+02:00;Rotterdam-Bentinckplein;PM25;2,24293;1
2015-08-27 05:00:00+02:00;Rotterdam-Bentinckplein;PM25;1,38207;1
2015-08-27 07:00:00+02:00;Rotterdam-Bentinckplein;PM25;2,99368;1
2015-08-27 08:00:00+02:00;Rotterdam-Bentinckplein;PM25;4,69356;1
2015-08-27 09:00:00+02:00;Rotterdam-Bentinckplein;PM25;5,39426;1
2015-08-27 10:00:00+02:00;Rotterdam-Bentinckplein;PM25;3,41228;1
2015-08-27 11:00:00+02:00;Rotterdam-Bentinckplein;PM25;5,40791;1
2015-08-27 12:00:00+02:00;Rotterdam-Bentinckplein;PM25;3,67618;1
2015-08-27 13:00:00+02:00;Rotterdam-Bentinckplein;PM25;2,69156;1
2015-08-27 14:00:00+02:00;Rotterdam-Bentinckplein;PM25;3,49418;1
2015-08-27 15:00:00+02:00;Rotterdam-Bentinckplein;PM25;4,03017;1
2015-08-27 16:00:00+02:00;Rotterdam-Bentinckplein;PM25;3,62067;1
2015-08-27 17:00:00+02:00;Rotterdam-Bentinckplein;PM25;3,40682;1
2015-08-27 18:00:00+02:00;Rotterdam-Bentinckplein;PM25;2,66426;1
2015-08-27 19:00:00+02:00;Rotterdam-Bentinckplein;PM25;2,38034;1
2015-08-27 20:00:00+02:00;Rotterdam-Bentinckplein;PM25;2,01816;1
2015-08-27 21:00:00+02:00;Rotterdam-Bentinckplein;PM25;4,50701;1
2015-08-27 22:00:00+02:00;Rotterdam-Bentinckplein;PM25;4,62622;1
2015-08-27 23:00:00+02:00;Rotterdam-Bentinckplein;PM25;3,96829;1
2015-08-28 00:00:00+02:00;Rotterdam-Bentinckplein;PM25;4,28497;1
2015-08-28 01:00:00+02:00;Rotterdam-Bentinckplein;PM25;6,88757;1
2015-08-28 02:00:00+02:00;Rotterdam-Bentinckplein;PM25;6,30153;1
2015-08-28 03:00:00+02:00;Rotterdam-Bentinckplein;PM25;3,31855;1
2015-08-28 04:00:00+02:00;Rotterdam-Bentinckplein;PM25;4,41692;1
2015-08-28 05:00:00+02:00;Rotterdam-Bentinckplein;PM25;6,35795;1
2015-08-28 06:00:00+02:00;Rotterdam-Bentinckplein;PM25;5,31964;1
2015-08-28 07:00:00+02:00;Rotterdam-Bentinckplein;PM25;12,1228;2
2015-08-28 08:00:00+02:00;Rotterdam-Bentinckplein;PM25;7,43812;1
2015-08-28 09:00:00+02:00;Rotterdam-Bentinckplein;PM25;10,2937;2
2015-08-28 10:00:00+02:00;Rotterdam-Bentinckplein;PM25;10,1026;2
2015-08-28 11:00:00+02:00;Rotterdam-Bentinckplein;PM25;8,4191;1
2015-08-28 12:00:00+02:00;Rotterdam-Bentinckplein;PM25;10,4393;2
2015-08-28 13:00:00+02:00;Rotterdam-Bentinckplein;PM25;7,0268;1
2015-08-28 14:00:00+02:00;Rotterdam-Bentinckplein;PM25;6,4626;1
2015-08-28 15:00:00+02:00;Rotterdam-Bentinckplein;PM25;3,66253;1
2015-08-28 16:00:00+02:00;Rotterdam-Bentinckplein;PM25;4,66808;1
2015-08-28 17:00:00+02:00;Rotterdam-Bentinckplein;PM25;6,68464;1
2015-08-28 18:00:00+02:00;Rotterdam-Bentinckplein;PM25;3,64342;1
2015-08-28 19:00:00+02:00;Rotterdam-Bentinckplein;PM25;3,82906;1
2015-08-28 20:00:00+02:00;Rotterdam-Bentinckplein;PM25;3,31127;1
2015-08-28 21:00:00+02:00;Rotterdam-Bentinckplein;PM25;3,31582;1
2015-08-28 22:00:00+02:00;Rotterdam-Bentinckplein;PM25;6,48444;1
2015-08-28 23:00:00+02:00;Rotterdam-Bentinckplein;PM25;7,7457;1
2015-08-29 00:00:00+02:00;Rotterdam-Bentinckplein;PM25;9,0197;1
2015-08-29 01:00:00+02:00;Rotterdam-Bentinckplein;PM25;5,66908;1
2015-08-29 02:00:00+02:00;Rotterdam-Bentinckplein;PM25;4,54796;1
2015-08-29 03:00:00+02:00;Rotterdam-Bentinckplein;PM25;3,59883;1
2015-08-29 04:00:00+02:00;Rotterdam-Bentinckplein;PM25;5,96028;1
2015-08-29 05:00:00+02:00;Rotterdam-Bentinckplein;PM25;6,36796;1
2015-08-29 06:00:00+02:00;Rotterdam-Bentinckplein;PM25;11,5313;2
2015-08-29 07:00:00+02:00;Rotterdam-Bentinckplein;PM25;9,7022;1
2015-08-29 08:00:00+02:00;Rotterdam-Bentinckplein;PM25;13,9064;2
2015-08-29 09:00:00+02:00;Rotterdam-Bentinckplein;PM25;13,9428;2
2015-08-29 10:00:00+02:00;Rotterdam-Bentinckplein;PM25;15,1895;3
2015-08-29 11:00:00+02:00;Rotterdam-Bentinckplein;PM25;6,09132;1
2015-08-29 12:00:00+02:00;Rotterdam-Bentinckplein;PM25;8,9287;1
2015-08-29 13:00:00+02:00;Rotterdam-Bentinckplein;PM25;9,1198;1
2015-08-29 14:00:00+02:00;Rotterdam-Bentinckplein;PM25;10,7487;2
2015-08-29 15:00:00+02:00;Rotterdam-Bentinckplein;PM25;6,04673;1
2015-08-29 16:00:00+02:00;Rotterdam-Bentinckplein;PM25;5,10215;1
2015-08-29 17:00:00+02:00;Rotterdam-Bentinckplein;PM25;4,15848;1
2015-08-29 18:00:00+02:00;Rotterdam-Bentinckplein;PM25;2,37943;1
2015-08-29 19:00:00+02:00;Rotterdam-Bentinckplein;PM25;5,8984;1
2015-08-29 20:00:00+02:00;Rotterdam-Bentinckplein;PM25;12,0318;2
2015-08-29 21:00:00+02:00;Rotterdam-Bentinckplein;PM25;5,79648;1
2015-08-29 22:00:00+02:00;Rotterdam-Bentinckplein;PM25;5,61448;1
2015-08-29 23:00:00+02:00;Rotterdam-Bentinckplein;PM25;6,18323;1
2015-08-30 00:00:00+02:00;Rotterdam-Bentinckplein;PM25;6,14501;1
2015-08-30 01:00:00+02:00;Rotterdam-Bentinckplein;PM25;13,9337;2
2015-08-30 02:00:00+02:00;Rotterdam-Bentinckplein;PM25;11,4949;2
2015-08-30 03:00:00+02:00;Rotterdam-Bentinckplein;PM25;11,2674;2
2015-08-30 04:00:00+02:00;Rotterdam-Bentinckplein;PM25;13,2148;2
2015-08-30 05:00:00+02:00;Rotterdam-Bentinckplein;PM25;18,3199;3
2015-08-30 06:00:00+02:00;Rotterdam-Bentinckplein;PM25;21,9144;4
2015-08-30 07:00:00+02:00;Rotterdam-Bentinckplein;PM25;18,784;3
2015-08-30 08:00:00+02:00;Rotterdam-Bentinckplein;PM25;17,8194;3
2015-08-30 09:00:00+02:00;Rotterdam-Bentinckplein;PM25;16,7274;3
2015-08-30 10:00:00+02:00;Rotterdam-Bentinckplein;PM25;17,4463;3
2015-08-30 11:00:00+02:00;Rotterdam-Bentinckplein;PM25;15,8083;3
2015-08-30 12:00:00+02:00;Rotterdam-Bentinckplein;PM25;20,2946;4
2015-08-30 13:00:00+02:00;Rotterdam-Bentinckplein;PM25;12,9145;2
2015-08-30 14:00:00+02:00;Rotterdam-Bentinckplein;PM25;9,5475;1
2015-08-30 15:00:00+02:00;Rotterdam-Bentinckplein;PM25;9,4929;1
2015-08-30 16:00:00+02:00;Rotterdam-Bentinckplein;PM25;8,6011;1
2015-08-30 17:00:00+02:00;Rotterdam-Bentinckplein;PM25;10,1845;2
2015-08-30 18:00:00+02:00;Rotterdam-Bentinckplein;PM25;11,9044;2
2015-08-30 19:00:00+02:00;Rotterdam-Bentinckplein;PM25;14,2795;2
2015-08-30 20:00:00+02:00;Rotterdam-Bentinckplein;PM25;8,4737;1
2015-08-30 21:00:00+02:00;Rotterdam-Bentinckplein;PM25;7,6547;1
2015-08-30 22:00:00+02:00;Rotterdam-Bentinckplein;PM25;8,1461;1
2015-08-30 23:00:00+02:00;Rotterdam-Bentinckplein;PM25;10,3483;2
2015-08-31 00:00:00+02:00;Rotterdam-Bentinckplein;PM25;15,5808;3
2015-08-31 01:00:00+02:00;Rotterdam-Bentinckplein;PM25;14,143;2
2015-08-31 02:00:00+02:00;Rotterdam-Bentinckplein;PM25;12,2229;2
2015-08-31 03:00:00+02:00;Rotterdam-Bentinckplein;PM25;10,0207;2
2015-08-31 04:00:00+02:00;Rotterdam-Bentinckplein;PM25;4,79184;1
2015-08-31 05:00:00+02:00;Rotterdam-Bentinckplein;PM25;0,20271;1
2015-08-31 07:00:00+02:00;Rotterdam-Bentinckplein;PM25;0,93981;1
2015-08-31 08:00:00+02:00;Rotterdam-Bentinckplein;PM25;1,40573;1
2015-08-31 09:00:00+02:00;Rotterdam-Bentinckplein;PM25;2,23474;1
2015-08-31 10:00:00+02:00;Rotterdam-Bentinckplein;PM25;0,92252;1
2015-08-31 11:00:00+02:00;Rotterdam-Bentinckplein;PM25;3,69074;1
2015-08-31 12:00:00+02:00;Rotterdam-Bentinckplein;PM25;3,54241;1
2015-08-31 13:00:00+02:00;Rotterdam-Bentinckplein;PM25;5,225;1
2015-08-31 14:00:00+02:00;Rotterdam-Bentinckplein;PM25;15,3533;3
2015-08-31 15:00:00+02:00;Rotterdam-Bentinckplein;PM25;14,5525;2
2015-08-31 16:00:00+02:00;Rotterdam-Bentinckplein;PM25;12,4049;2
2015-08-31 17:00:00+02:00;Rotterdam-Bentinckplein;PM25;17,0732;3
2015-08-31 18:00:00+02:00;Rotterdam-Bentinckplein;PM25;21,9781;4
2015-08-31 19:00:00+02:00;Rotterdam-Bentinckplein;PM25;7,5091;1
2015-08-31 20:00:00+02:00;Rotterdam-Bentinckplein;PM25;6,34157;1
2015-08-31 21:00:00+02:00;Rotterdam-Bentinckplein;PM25;9,6385;1
2015-08-31 22:00:00+02:00;Rotterdam-Bentinckplein;PM25;5,45341;1
2015-08-31 23:00:00+02:00;Rotterdam-Bentinckplein;PM25;1,18096;1
2015-12-01 00:00:00+01:00;Rotterdam-Bentinckplein;PM25;4,26768;1
